[
	{
		"title": "Eve of the Dedication",
		"psalms": {
			"evening": [
				"48",
				"112"
			]
		},
		"lessons": {
			"evening": {
				"first": "Hag 2:1–9",
				"second": "1 Cor 3:9–17"
			}
		}
	},
	{
		"title": "Anniversary of the Dedication of a Church",
		"psalms": {
			"morning": [
				"132"
			],
			"evening": [
				"29",
				"46"
			]
		},
		"lessons": {
			"morning": {
				"first": "1 Kgs 8:1–13",
				"second": "John 10:22–30"
			},
			"evening": {
				"first": "1 Kgs 8:54–62",
				"second": "Heb 10:19–25"
			}
		}
	},
	{
		"title": "Eve of the Patronal Feast",
		"psalms": {
			"evening": [
				"27",
				"[116]",
				"[117]"
			]
		},
		"lessons": {
			"evening": {
				"first": "Isa 49:1–13",
				"altFirst": "Sir 51:6b–12",
				"second": "Eph 4:1–13",
				"altSecond": "Rev 7:9–17",
				"altGospel": "Luke 10:38–42"
			}
		}
	},
	{
		"title": "The Patronal Feast",
		"psalms": {
			"morning": [
				"92",
				"93",
				"[148]",
				"[149]"
			],
			"evening": [
				"96",
				"97",
				"[111]",
				"[112]"
			]
		},
		"lessons": {
			"morning": {
				"first": "Isa 52:7–10",
				"altFirst": "Job 5:8–21",
				"second": "Acts 4:5–13",
				"altSecond": "Luke 12:1–12"
			},
			"evening": {
				"first": "Jer 31:10–14",
				"altFirst": "Sir 2:7–18",
				"second": "Rom 12:1–21",
				"altSecond": "Luke 21:10–19"
			}
		}
	},
	{
		"title": "Eve of Apostles and Evangelists",
		"psalms": {
			"evening": [
				"48",
				"122",
				"[84]",
				"[150]"
			]
		},
		"lessons": {
			"evening": {
				"first": "Isa 43:10–15",
				"altFirst": "Isa 52:7–10",
				"second": "Rev 21:1–4,–14",
				"altSecond": "Matt 9:35–10:4"
			}
		}
	}
]
