{
	"EveningPrayer" : {
		"Name": {
			"EN": "Evening Prayer",
			"CY": "Hywrol Gweddi"
		},
		"Section1": { 
			"Name": "Opening",
			"Location": "EveningPrayer/Introductions",
			"File" : "OpeningE"
		},
		"Section2": {
			"Name": "Canticle",
			"Location" : "EveningPrayer/Canticles",
			"File" :"PhosHilaron" 
		},
		"Bible0" : {
			"Name": "Bible Reading : Psalm",
			"Type": "Psalm"
		},
		"Bible1" : {
			"Name": "Bible Reading : Old Testament",
			"Type": "OT"
		},
		"Section3":{
			"Name":"Gospel Canticle",
			"Location" : "EveningPrayer/Canticles",
			"File":"Magnificat"
		},
		"Bible2" : {
			"Name": "Bible Reading : New Testament",
			"Type": "NT"
		},
		"Section4":{
			"Name": "Affirmation",
			"Location":"Creeds",
			"File":"Apostles"
		},
		"Section5": {
			"Name":"Intercessions",
			"Location":"Intercessions",
			"File" :"IntercessionsEP"
		},
		"Section6" : {
			"Name":"Prayer",
			"Location":"Prayer",
			"File": "LordsPrayer"
		},
		"Section7": {
			"Name":"Collect For Peace",
			"Location":"Collects/EP",
			"File":"PeaceEP"
		},
		"Section8": {
			"Name": "Collect For Grace",
			"Location":"Collects/EP",
			"File":"Collect3"
		},
		"Section9": {
			"Name": "Conclusion",
			"Location": "MorningPrayer/Conclusions",
			"File":"Conclusion1"
		},
		"Section91":{
			"Name":"Dismissal",
			"Location": "MorningPrayer/Dismissals",
			"File":"Dismissal1"
		},
		"Section92":{
			"Name":"Ending",
			"Location": "MorningPrayer/Dismissals",
			"File":"Ending"
		},
		"Section10": {
			"Name": "Copyright",
			"Location":"Licences",
			"File":"Copyright"
		}
	}
}
