{
  "MorningPrayer" : {
    "Name": {
      "EN": "Morning Prayer",
      "CY": "Boreol Gweddi"
    },
    "Section1": {
      "Name": "Opening",
      "Location": "MorningPrayer/Introductions",
      "File" : "OpeningC1"
    },
    "Section2": {
      "Name": "Canticle",
      "Location" : "Canticles",
      "File" : ["Venite","Jubilate"]
    },
    "Section1a": {
      "Name": "Opening",
      "Location": "MorningPrayer/Introductions",
      "File" : "OpeningC2"
    },
    "Bible1" : {
      "Name": "Bible Reading : Old Testament",
      "Type": "OT"
    },
    "Section3":{
      "Name":"Gospel Canticle",
      "Location" : "MorningPrayer/GospelCanticle",
      "File":"Benedictus"
    },
    "Bible2" : {
      "Name": "Bible Reading : New Testament",
      "Type": "NT"
    },
    "Bible3": {
      "Name" : "Bible Reading: Gospel",
      "Type": "GP"
    },
    "Section4":{
      "Name": "Affirmation",
      "Location":"Creeds",
      "File":"Apostles"
    },
    "Section5": {
      "Name":"Intercessions",
      "Location":"Intercessions",
      "File" :"IntercessionsMP"
    },
    "Section6" : {
      "Name":"Prayer",
      "Location":"Prayer",
      "File": "LordsPrayer"
    },
    "Section7": {
      "Name":"Collect For Peace",
      "Location":"Collects",
      "File":"Peace"
    },
    "Section8": {
      "Name": "Collect For Grace",
      "Location":"Collects",
      "File":"Grace2"
    },
    "Section9": {
      "Name": "Conclusion",
      "Location": "MorningPrayer/Conclusions",
      "File":"Conclusion1"
    },
    "Section10": {
      "Name": "Copyright",
      "Location":"Licences",
      "File":"Copyright"
    }
  }
}
